{
  "AWSEBDockerrunVersion": "2",
  "containerDefinitions": [
    {
      "name": "frontend",
      "image": "490004653796.dkr.ecr.us-east-2.amazonaws.com/tiger-traits-frontend:latest",
      "memory": 512,
      "cpu": 256,
      "essential": true,
      "portMappings": [
        {
          "containerPort": 80
        }
      ]
    },
    {
      "name": "backend",
      "image": "490004653796.dkr.ecr.us-east-2.amazonaws.com/tiger-traits-backend:latest",
      "memory": 512,
      "cpu": 256,
      "essential": true,
      "portMappings": [
        {
          "containerPort": 3001
        }
      ],
      "environment": [
        {
          "name": "MONGO_URI",
          "value": "mongodb://mongo:27017/tigerTraitsDB"
        }
      ],
      "dependsOn": [
        {
          "containerName": "mongo",
          "condition": "START"
        }
      ]
    },
    {
      "name": "mongo",
      "image": "mongo:5",
      "memory": 512,
      "cpu": 256,
      "essential": false,
      "portMappings": [
        {
          "containerPort": 27017
        }
      ],
      "mountPoints": [
        {
          "sourceVolume": "mongo-data",
          "containerPath": "/data/db"
        }
      ],
      "logConfiguration": {
        "logDriver": "awslogs",
        "options": {
          "awslogs-group": "/ecs/tiger-traits",
          "awslogs-region": "us-east-2",
          "awslogs-stream-prefix": "mongo"
        }
      }
    }
  ],
  "volumes": [
    {
      "name": "mongo-data",
      "host": {
        "sourcePath": "/var/lib/mongo"
      }
    }
  ]
}